{
    "home" : {
        "menuInfo" : {
            "displayName":"Home",
            "pageTitle":"Home",
            "faIcon":"fa-home",
            "link":""
        }
    },
    "instanceSetup" : {
        "menuInfo" : {
            "displayName":"General Setting",
            "pageTitle":"General Setting",
            "faIcon":"fa-sliders"
        },
        "fields" :{
            "projectName" : {
                "label" : "Project Name",
                "required" : "yes",
                "note" : null,
                "value" : "My Project",
                "type" : "text"
            },
            "projectNameSpace" : {
                "label" : "Openshift Project Name Space",
                "required" : "yes",
                "type" : "text",
                "validation" : "regexp:(\\s)",
                "note":"Eg: icg-msst-primo-154533"
            },          
            "projectTeamDL" : {
                "label" : "Team DL",
                "required" : "yes",
                "type" : "text",
                "validation" : "regexp:(^\\S+@\\S+\\.\\S+$)"
            },
            "applicationName" : {
                "label" : "Application Name",
                "required" : "yes",
                "type" : "text",
                "validation" : "regexp:(\\s)",
                "note":"Application name without space"
            },
            "applicationCSI" : {
                "label" : "Application CSI",
                "required" : "yes",
                "type" : "text",
                "validation" : "regexp:(^[0-9]*$)"
            },
            "packageName" : {
                "label" : "Package Name",
                "required" : "yes",
                "type" : "text",
                "validation" : "regexp:(^(?:\\w+|\\w+\\.\\w+)+$)"
            },
            "instanceId" : {            
                "label" : "Instance Id",
                "required" : "yes",
                "type" : "text",
                "note":"Unique Identifier of the instance",
                "validation" : "regexp:(\\s)"
            },
            "enableSwagger" : {
                "label" : "Enable Swagger",
                "required" : "yes",
                "type" : "checkbox",
                "value" : "checked"
            },
            "enableActuator" : {
                "label" : "Enable Actuator",
                "required" : "yes",
                "type" : "checkbox",
                "value" : "checked",
                "note":"Runs on port 8999"
            },
            "enableHealthCheck" : {
                "label" : "Enable Health Check",
                "required" : "yes",
                "type" : "checkbox",
                "value" : "checked"
            },        
            "enableRefData": {
                "label" : "Enable RefData Connection",
                "required" : "yes",
                "type" : "checkbox",
                "value" : "unchecked"
            },
            "enableITRS": {
                "label" : "Enable ITRS Connection",
                "required" : "yes",
                "type" : "checkbox",
                "value" : "unchecked"
            },
            "enableConfigProvider": {
                "label" : "Enable Configuration Provider",
                "required" : "yes",
                "type" : "checkbox",
                "value" : "unchecked"
            },
            "enableCyberark": {
                "label" : "Enable Cyberark",
                "required" : "yes",
                "type" : "checkbox",
                "value" : "checked"
            }, 
            "enableCache": {
                "label" : "Enable Cache",
                "required" : "yes",
                "type" : "checkbox",
                "value" : "checked"
            },                             
            "notificationEmailID": {
                "label" : "Failure notification EmailID",
                "required" : "yes",
                "type" : "text",
                "valueRef" : "instanceSetup.fields.projectTeamDL",
                "note":"Fatal/Critical failures will be notified to this emailID"
            }
        }
    },
    "serviceSetup":{
        "menuInfo" : {
            "displayName":"Service Setup",
            "pageTitle":"Service Setup",
            "faIcon":"fa-cogs"
        },
        "fields":{
            "serviceConfig":{
                "label" : "Service Config",
                "required" : "yes",
                "valueCollection" : [],
                "type" : "template-repeat",
                "template" : "template.serviceConfig"
            }
        }
    },
    "dbSetup":{
        "menuInfo" : {
            "displayName":"Database Setup",
            "pageTitle":"Database Connection Setup",
            "faIcon":"fa-database"
        },
        "fields":{
            "dbConfig":{
                "label" : "Add DB Configuration",
                "required" : "yes",
                "valueCollection" : [],
                "type" : "template-repeat",
                "template" : "template.dbConfig"
            }
        }
    },
    "itrsSetup":{
        "menuInfo" : {
            "displayName":"ITRS Setup",
            "pageTitle":"ITRS Connection Setup",
            "faIcon":"fa-eye"
        },
        "fields":{
            "itrsHost":{
                "label" : "ITRS Host",
                "required" : "yes",
                "type" : "text"
            },
            "itrsPort":{
                "label" : "ITRS Port",
                "required" : "yes",
                "type" : "text",
                "value" : "80",
                "validation" : "regexp:(^[0-9]*$)"
            },
            "manageEntity":{
                "label" : "Manage Entity",
                "required" : "yes",
                "type" : "text"
            }
        }
    },
    "refDataSetup":{
        "menuInfo" : {
            "displayName":"RefData Setup",
            "pageTitle":"RefData Connection Setup",
            "faIcon":"fa-sitemap"
        },
        "fields":{        
            "refDataHost":{
                "label" : "Ref Data Host",
                "required" : "yes",
                "type" : "text"
            },
            "refDataPort":{
                "label" : "Ref Data Port",
                "required" : "yes",
                "type" : "text",
                "value" : "443",
                "validation" : "regexp:(^[0-9]*$)"
            },
            "enableSSL":{
                "label" : "Enable SSL",
                "required" : "yes",
                "type" : "checkbox",
                "value" : "checked",
                "readOnly" : true
            },        
            "transportMode":{
                "label" : "Transport Mode",
                "required" : "yes",
                "value" : "WEBSOCKET",
                "valueOptions" : ["WEBSOCKET","TCP"],
                "type" : "select",
                "readOnly" : true
            }
        }
    },
    "configuration":{
        "menuInfo" : {
            "displayName":"Configuration Setup",
            "pageTitle":"Remote Configuration Setup",
            "faIcon":"fa-file-code-o"
        },
        "fields":{
            "provider":{
                "label" : "Provider",
                "required" : "yes",
                "value" : "PropertyCentral",
                "type" : "text",
                "readOnly" : true
            },
            "providerConfig":{
                "label" : "",
                "required" : "yes",
                "valueObject" : null,
                "type" : "template-single",
                "template" : "template.providerConfig",
                "templateRef" : "configuration.fields.provider.value"
            }
        }
    },
    "jmsConnectionSetup":{
        "menuInfo" : {
            "displayName":"JMS Setup",
            "pageTitle":"JMS Connection Setup",
            "faIcon":"fa-exchange"
        },
        "fields":{        
            "jmsConfig":{
                "label" : "Add JMS Configuration",
                "required" : "yes",
                "type" : "template-repeat",
                "template" : "template.jmsConfig"
            }
        }
    },
    "jmsConsumerSetup":{
        "menuInfo" : {
            "displayName":"JMS Consumer Setup",
            "pageTitle":"JMS Consumer Setup",
            "faIcon":"fa-sign-in"
        },
        "fields":{        
            "jmsConsumerConfig":{
                "label" : "Add Consumer",
                "required" : "yes",
                "valueCollection" : [],
                "type" : "template-repeat",
                "template" : "template.jmsConsumerConfig"
            }
        }
    },
    "jmsPublisherSetup":{
        "menuInfo" : {
            "displayName":"JMS Publisher Setup",
            "pageTitle":"JMS Publisher Setup",
            "faIcon":"fa-sign-out"
        },
        "fields":{        
            "jmsPublisherConfig":{
                "label" : "Add Publisher",
                "required" : "yes",
                "valueCollection" : [],
                "type" : "template-repeat",
                "template" : "template.jmsPublisherConfig"
            }
        }
    },    
    "deployment":{

        "menuInfo" : {
            "displayName":"Deployment",
            "pageTitle":"Deployment",
            "faIcon":"fa-cloud-download",
            "skipAutoRendering" : true
        },
        "fields":{               
            "targetConfig":{
                "label" : "Targets",
                "required" : "yes",
                "valueCollection" : [],
                "type" : "template-repeat",
                "template" : "template.targetConfig"
            },
            "commonParameter":{
                "label" : "Common Parameters",
                "required" : "yes",
                "valueCollection" : [],
                "type" : "template-repeat",
                "template" : "template.commonParameter",
                "note" : "These parameters will be added to the param files"
            }
        }
    },
    "build":{
        "menuInfo" : {
            "displayName":"Build Configuration",
            "pageTitle":"Build Configuration",
            "faIcon":"fa-puzzle-piece"
        },
        "fields":{           
            "artifactorUserName" : {
                "label" : "Artifactory User Name",
                "required" : "yes",
                "type" : "text"
            },
            "artifactoryPassword":{
                "label" : "Artifactory Password/Api key",
                "required" : "yes",
                "type" : "secure"
            },
            "dependenceExlusion":{
                "label" : "Dependency Exclusion",
                "required" : "no",
                "type" : "multi",
                "valueOptions":["Sybase","Tibco","Solace","Log4J","Ambrosia Logger","GRPC","IBM MQ"] 
            }
        }
    },
   
    "template":{
        "serviceConfig" : {
            "name" : {
                "label" : "Service Name",
                "required" : "yes",
                "value" : null,
                "type" : "text"
            },
            "enableTracing" : {
                "label" : "Enable tracing",
                "required" : "yes",
                "value" : "unchecked",
                "type" : "checkbox",
                "readOnly" : true
            },
            "type" : {
                "label" : "Service Type",
                "required" : "yes",
                "value" : "---select--",
                "valueOptions" : ["GRPC","JMS","UMB","EMAIL","WEBSOCKET","TCP","REST","AMBROSIA"],
                "type" : "select",
                "event":"onChange=showTemplate('data.template.serviceTypeConfig',this)"
            }
        },
        "serviceTypeConfig":{
           "EMAIL":{
                "type" :{
                    "label" : "Service Type",
                    "required" : "yes",
                    "value" : "EMAIL",
                    "type" : "text",
                    "readOnly" : true
                },
                "emailFid" :{
                    "label" : "Email FID",
                    "required" : "yes",
                    "type" : "text"
                },
                "emailPassowrd" :{
                    "label" : "Email password",
                    "required" : "yes",
                    "type" : "text",
                    "note" : "Prefix with [CA] if the value is Cyberark NickName"
                },
                "region" :{
                    "label" : "Email Account Region",
                    "required" : "yes",
                    "value" : "NAM",
                    "type" : "select",
                    "valueOptions" : ["NAM","APAC","EMEA"]
                },
                "retryCount" :{
                    "label" : "Connection Retry Count",
                    "required" : "yes",
                    "value" : "-1",
                    "type" : "text",
                    "validation":"regexp:(^[0-9]*$)",
                    "note":"-1=infinitive / >0=retry count / 0=disabled"
                },
                "retryDelay" :{
                    "label" : "Connection Retry interval",
                    "required" : "yes",
                    "value" : "10",
                    "type" : "text",
                    "validation":"regexp:(^[0-9]*$)",
                    "note":"Value in seconds"
                }                                     
           },    
           "JMS":{
                "type" :{
                    "label" : "Service Type",
                    "required" : "yes",
                    "value" : "JMS",
                    "type" : "text",
                    "readOnly" : true
                },
                "enableTracing" : {
                    "label" : "Enable tracing",
                    "required" : "yes",
                    "value" : "unchecked",
                    "type" : "checkbox"
                },
                "enableAsync" :{
                    "label" : "Enable Async Processing",
                    "required" : "yes",
                    "value" : "unchecked",
                    "type" : "checkbox"
                },
                "consumerThreadCount" :{
                    "label" : "Paralell Stream Count",
                    "required" : "conditional",
                    "requiredRef" : "this.enableAsync",
                    "value" : "unchecked",
                    "type" : "text",
                    "validation" : "regexp:(^[0-9]*$)"
                },            
                "consumerConfig" : {
                    "label" : "Consumers",
                    "required" : "yes",
                    "type" : "multi",
                    "valueOptionsRef" : "$.jmsConsumerSetup[*].name"
                }
           },
           "REST":{
                "type" :{
                    "label" : "Service Type",
                    "required" : "yes",
                    "value" : "REST",
                    "type" : "text",
                    "readOnly" : true
                },
                "name":{
                    "label" : "Service Name",
                    "required" : "yes",
                    "type" : "text",
                    "note":"Name without space",
                    "validation" : "regexp:(\\s)"
                },
                "port" : {
                    "label" : "http.port",
                    "required" : "yes",
                    "type" : "text",
                    "value" : "5999",
                    "validation" : "regexp:(^[0-9]*$)"
                },
                "routeName":{
                    "label" : "Route name",
                    "required" : "yes",
                    "valueRef" : "this.name",
                    "type" : "text"
                },
                "sslEnabled":{
                    "label" : "http.ssl.enabled",
                    "required" : "yes",
                    "value" : "unchecked",
                    "type" : "checkbox"
                },
                "sslType":{
                    "label" : "http.ssl.keystore.type",
                    "required" : "conditional",
                    "requiredRef": "this.sslEnabled",
                    "value" : "JKS",
                    "valueOptions" : ["JKS","PEM","PKCS12"],
                    "type" : "select",
                    "note":""
                },
                "sslClientAuth":{
                    "label" : "http.ssl.client.auth",
                    "required" : "conditional",
                    "requiredRef": "this.sslEnabled",
                    "value" : "unchecked",
                    "type" : "checkbox"
                },
                "sslKeyStore":{
                    "label" : "http.ssl.keystore",
                    "required" : "conditional",
                    "requiredRef" : "this.sslEnabled",
                    "type" : "text",
                    "note" : "Enter Cert ID (API_xxx) if this value is Venafi issues cert"                
                },
                "sslKeystoreSafeNet":{
                    "label" : "http.ssl.keystore.safenet",
                    "required" : "conditional",
                    "requiredRef": "this.sslEnabled",
                    "type" : "secure",
                    "note" : "Prefix with [CA] if the value is Cyberark NickName"
                },
                "sslTrustore":{
                    "label" : "http.ssl.truststore",
                    "required" : "no",
                    "requiredRef": "this.sslEnabled",
                    "type" : "text"
                },
                "sslTrustoreSafeNet":{
                    "label" : "http.ssl.truststore.safenet",
                    "required" : "no",
                    "requiredRef": "this.sslEnabled",
                    "type" : "secure",
                    "note" : "Prefix with [CA] if the value is Cyberark NickName"                
                }
           },
           "GRPC":{
                "type" :{
                    "label" : "Service Type",
                    "required" : "yes",
                    "value" : "GRPC",
                    "type" : "text",
                    "readOnly" : true
                },
                "name":{
                    "label" : "Service Name",
                    "required" : "yes",
                    "type" : "text",
                    "note":"Name without space",
                    "validation" : "regexp:(\\s)"
                },
                "port" : {
                    "label" : "grpc.port",
                    "required" : "yes",
                    "type" : "text",
                    "value" : "9090",
                    "validation" : "regexp:(^[0-9]*$)"
                },
                "routeName":{
                    "label" : "Route name",
                    "required" : "yes",
                    "valueRef" : "this.name",
                    "type" : "text"
                },
                "sslEnabled":{
                    "label" : "grpc.ssl.enabled",
                    "required" : "yes",
                    "value" : "unchecked",
                    "type" : "checkbox"
                },
                "sslType":{
                    "label" : "grpc.ssl.type",
                    "required" : "conditional",
                    "requiredRef": "this.sslEnabled",
                    "value" : "JKS",
                    "valueOptions" : ["JKS","PEM","PKCS12"],
                    "type" : "select",
                    "note":""
                },
                "sslClientAuth":{
                    "label" : "grpc.ssl.client.auth",
                    "required" : "conditional",
                    "requiredRef": "this.sslEnabled",
                    "value" : "unchecked",
                    "type" : "checkbox"
                },
                "sslKeyStore":{
                    "label" : "grpc.ssl.keystore",
                    "required" : "conditional",
                    "requiredRef" : "this.sslEnabled",
                    "type" : "text",
                    "note" : "Enter Cert ID (API_xxx) if this value is Venafi issues cert"                
                },
                "sslKeystoreSafeNet":{
                    "label" : "grpc.ssl.keystore.safenet",
                    "required" : "conditional",
                    "requiredRef": "this.sslEnabled",
                    "type" : "secure",
                    "note" : "Prefix with [CA] if the value is Cyberark NickName"
                },
                "sslTrustore":{
                    "label" : "grpc.ssl.truststore",
                    "required" : "no",
                    "requiredRef": "this.sslEnabled",
                    "type" : "text"
                },
                "sslTrustoreSafeNet":{
                    "label" : "grpc.ssl.truststore.safenet",
                    "required" : "no",
                    "requiredRef": "this.sslEnabled",
                    "type" : "secure",
                    "note" : "Prefix with [CA] if the value is Cyberark NickName"                
                },
                "latencyMetricsEnabled":{
                    "label" : "latency.metric.enabled",
                    "required" : "no",
                    "value": "unchecked",
                    "type" : "checkbox"
                }
           }
        },
        "targetConfig":{
            "environment":  {
                "label" : "Environment",
                "required" : "yes",
                "valueOptions" : ["DEV","UAT","PROD","COB"],
                "value" : "DEV",
                "type" : "select"
            },
            "cluster":{
                "label" : "Cluster Address",
                "required" : "yes",
                "type" : "text",
                "note":"namicgswd13d"
            },
            "resourceCPULimit":{
                "label" : "Container Resource limit",
                "required" : "yes",
                "type" : "text",
                "value" : "500m"
            },
            "resourceCPURequest":{
                "label" : "Container Resource Request",
                "required" : "yes",
                "type" : "text",
                "value" : "100m"
            },
            "resourceMemLimit":{
                "label" : "Container Memory limit",
                "required" : "yes",
                "type" : "text",
                "value" : "3Gi"
            },
            "resourceMemRequest":{
                "label" : "Container Memory Request",
                "required" : "yes",
                "type" : "text",
                "value" : "500Mi"
            },
            "replicaLimit":{
                "label" : "Replica Limit",
                "required" : "yes",
                "type" : "text",
                "value" : "1"
            },
            "jvmOption":{
                "label" : "Jvm -X options",
                "required" : "no",
                "type" : "text",
                "value" : "-Xms500m -Xmx2g"
            },
            "envParams":{
                "label" : "Environment Specific Parameters",
                "required" : "yes",
                "type" : "template-repeat",
                "template" : "template.commonParameter",
                "nestedNode":true,
                "note" : "These parameters will be added to the param files"
            }
        },
        "dbConfig":{
            "id":  {
                "label" : "Connection ID",
                "required" : "yes",
                "type" : "text",
                "validation":"regexp:(\\s)",
                "note" : "ID should a non-space value"
            },
            "name":{
                "label" : "Connection Name",
                "required" : "yes",
                "type" : "text"
            },
            "jdbcURL":{
                "label" : "JDBC Url",
                "required" : "yes",
                "type" : "text"
            },
            "jdbcDriverClass":{
                "label" : "JDBC Driver Class",
                "required" : "yes",
                "type" : "text",
                "validation":"regexp:(^(?:\\w+|\\w+\\.\\w+)+$)"
            },            
            "jdbcUser":{
                "label" : "User Name",
                "required" : "yes",
                "type" : "text",
                "validation":"regexp:(\\s)"
            },
            "jdbcPassword":{
                "label" : "Password",
                "required" : "yes",
                "type" : "secure",
                "validation":"regexp:(\\s)",
                "note" : "Prefix with [CA] if the value is Cyberark NickName"
            },
            "testSQL":{
                "label" : "Test SQL",
                "required" : "yes",
                "type" : "text",
                "note" : "SQL to test connection"
            }
        },
        "jmsConfig":{
            "id":  {
                "label" : "Connection ID",
                "required" : "yes",
                "type" : "text",
                "validation":"regexp:(\\s)",
                "note" : "ID should a non-space value"
            },
            "name":{
                "label" : "Connection Name",
                "required" : "yes",
                "type" : "text"
            },
            "brokerUrl":{
                "label" : "Broker Url",
                "required" : "yes",
                "type" : "text",
                "note":"Provide Host name here for IBM MQ Setup"
            },
            "port":{
                "label" : "Broker Url",
                "required" : "no",
                "type" : "text",
                "validation":"regexp:(^[0-9]*$)",
                "note":"Applicable only for IBM MQ Setup"
            },
            "middlewareType":{
                "label" : "Middleware Type",
                "required" : "yes",
                "value" : "TIBCO",
                "valueOptions" : ["SOLACE","TIBCOEMS","MQ","AMQ"],
                "type" : "select"
            },         
            "queueManager":{
                "label" : "Queue Manager",
                "required" : "no",
                "type" : "text",
                "note":"Applicable only for IBM MQ Setup"
            },
            "vpnName":{
                "label" : "VPN Name",
                "required" : "no",
                "type" : "text",
                "note" : "Applicable only for SOLACE Setup"
            },  
            "channel":{
                "label" : "Channel",
                "required" : "no",
                "type" : "text",
                "note":"Applicable only for IBM MQ Setup"
            },
            "sslEnabled":{
                "label" : "SSL Enabled",
                "required" : "yes",
                "type" : "checkbox",
                "value" : "checked"
            },
            "sslKeyStoreType":{
                "label" : "Keystore Type",
                "required" : "conditional",
                "requiredRef" : "this.sslEnabled",
                "type" : "text",
                "value" : "JKS",
                "valueOptions" : ["JKS","PKCS12"]
            },
            "sslKeyStore":{
                "label" : "Keystore",
                "required" : "conditional",
                "requiredRef" : "this.sslEnabled",
                "type" : "text"
            },
            "sslKeystoreSafeNet":{
                "label" : "Keystore Password",
                "required" : "conditional",
                "requiredRef": "this.sslEnabled",
                "type" : "secure"
            },
            "sslTrutstore":{
                "label" : "Truststore",
                "required" : "no",
                "requiredRef": "this.sslEnabled",
                "type" : "text"
            },
            "sslTrustoreSafeNet":{
                "label" : "Truststore password",
                "required" : "no",
                "requiredRef": "this.sslEnabled",
                "type" : "secure"
            },  
            "sslCipherSuite":{
                "label" : "SSL Cipher Suite",
                "required" : "no",
                "requiredRef": "this.sslEnabled"
            },                       
            "jmsPassword":{
                "label" : "Password",
                "required" : "yes",
                "type" : "secure",
                "validation":"regexp:(\\s)",
                "note" : "Prefix with [CA] if the value is Cyberark NickName"
            },
            "jmsUser":{
                "label" : "User Name",
                "required" : "yes",
                "type" : "text",
                "validation":"regexp:(\\s)"
            }
        },       
        "commonParameter":{
            "key":{
                "label" : "Key",
                "required" : "yes",
                "type" : "text",
                "validation":"regexp:(\\s)"
            },
            "value":{
                "label" : "Value",
                "required" : "yes",
                "type" : "text"
            }
        },
        "jmsConsumerConfig":{
            "id":{
                "label" : "Consumer ID",
                "required" : "yes",
                "type" : "text",
                "validation":"regexp:(\\s)",
                "note" : "ID should a non-space value"
            },
            "name":{
                "label" : "Consumer Name",
                "required" : "yes",
                "type" : "text"
            },
            "jmsConnection":{
                "label" : "Jms Connection Name",
                "required" : "yes",
                "type" : "select",
                "valueOptionsRef" : "$.jmsConnectionSetup[*].name"
            },
            "destinationType":{
                "label" : "Destination Type",
                "required" : "yes",
                "type" : "select",
                "value" : "QUEUE",
                "valueOptions" : ["QUEUE","TOPIC"]
            },
            "destinationName":{
                "label" : "Destination Name",
                "required" : "no",
                "type" : "text"
            },
            "sessionAckMode":{
                "label" : "Session Acknowledge Mode",
                "required" : "yes",
                "type" : "select",
                "value" : "AUTO",
                "valueOptions" : ["AUTO","CLIENT","DUPE_OK"]
            },
            "sessionTransacted":{
                "label" : "Session Transacted",
                "required" : "yes",
                "type" : "checkbox",
                "value" : "unchecked"
            },
            "enableDurable":{
                "label" : "Enable Durable",
                "required" : "yes",
                "type" : "checkbox",
                "value" : "unchecked"
            },
            "durableName":{
                "label" : "Durable Name",
                "required" : "conditional",
                "requiredRef" : "this.enableDurable",
                "type" : "text"
            },          
            "msgHandlerAlias":{
                "label" : "Message handler Alias",
                "required" : "no",
                "type" : "text"
            }
        },
        "jmsPublisherConfig":{
            "id":{
                "label" : "Publisher ID",
                "required" : "yes",
                "type" : "text",
                "validation":"regexp:(\\s)",
                "note" : "ID should a non-space value"
            },
            "name":{
                "label" : "Publisher Name",
                "required" : "yes",
                "type" : "text"
            },
            "jmsConnection":{
                "label" : "Jms Connection Name",
                "required" : "yes",
                "type" : "select",
                "valueOptionsRef" : "$.jmsConnectionSetup[*].name"
            },
            "destinationType":{
                "label" : "Destination Type",
                "required" : "yes",
                "type" : "select",
                "value" : "QUEUE",
                "valueOptions" : ["QUEUE","TOPIC"]
            },
            "destinationName":{
                "label" : "Destination Name",
                "required" : "yes",
                "type" : "text"
            },
            "msgHandlerAlias":{
                "label" : "Message handler Alias",
                "required" : "no",
                "type" : "text"
            }
        },
        "providerConfig" :{
             "PropertyCentral":{
                "pcCompID":{
                    "label" : "PC Component ID",
                    "required" : "yes",
                    "type" : "text"
                }
            }
        }
    }
}